{"graph_0": {"_type": "graph-file", "path": "media/graph/graph_0_summary_b167884a.graph.json", "sha256": "b167884aaf5b683ca973cf3a1b4fecf6eabde411e67b4d292c02209a595bc493", "size": 14549}, "misc/lr": 0.01, "train/loss/step": 7.183148767433915, "train/acc1/step": 0.0, "train/acc5/step": 0.9803921568627451, "_runtime": 534, "_timestamp": 1618763344, "_step": 19, "train/loss": 6.480475939237154, "train/acc1": 0.0, "train/acc5": 0.0}